{"load":2.54004}{"load":1.75621}